"대학명","전형구분","반영방식","재산출등급","대학별환산점수","전형상특이사항및경쟁력"
"단순전과목","3개년 전과목 정량평균","전과목 단순 단위수 가중평균","5.72 등급","-","3학년 1학기 하락세(6.64) 포함 단순 평점 5.72등급"
"동국대학교","학교장추천인재 (교과)","국/수/영/사/과/한국사 상위 10과목 정량","4.80 등급","9.18점 / 10.00점 (70% 반영: 64.26점)","★ 단순 5.72등급 ➔ 상위 10과목 4.80등급 대폭 반등! 1~4등급 감점 차이 0.1점 미만"
"한국외국어대학교","학교장추천 (교과)","석차등급 환산점 vs 원점수 환산점 Max 적용","3.80 등급대 (원점수 기준)","82.58점 / 100.00점","★ 원점수 70~87점대 다수 분포로 5~7등급이 92점대로 폭등하여 3.8등급선 대반등!"
"성균관대학교","추천인재 (교과)","공통/일반 80% + 진로 20% (2027 추천무제한)","5.60 등급대 환산","91.04점 / 100.00점","2027 고교 추천 제한 전면 폐지! 수능 최저 3개 합 6/7 적용으로 실질 경쟁률 하향"
"건국대학교","KU지역균형 (교과)","교과 정량 70% + 교과 정성 30%","5.68 등급 (전과목)","93.77점 / 100.00점 (70% 반영: 65.64점)","고교 추천 제한 없음. 교과 정성평가 30%로 정량 내신 감점 만회 시도 가능"
"숙명여자대학교","지역균형선발 (교과)","교과 정량 70% + 서류 30% (2027 신설)","5.65 등급 (국/수/영/사/한국사)","85.93점 / 100.00점 (70% 반영: 60.15점)","고교 추천 제한 없음. 2027 서류 30% 신설 정성평가 수혜"
"중앙대학교","지역균형 / 수시 교과","인문 상위 10과목 반영","5.10 등급","9.56점 / 10.00점","인문 상위 10과목 추출 반영으로 내신 4.90등급 반등"
"경희대학교","지역균형 (교과)","공통/일반 70% + 진로 30%","5.68 등급","81.44점 / 100.00점","수능 최저 2개 합 5 이내 충족 필수"
"이화여자대학교","고교추천 (교과)","국/수/영/사/과/한국사 전과목","5.68 등급","7.04점 / 10.00점","면접 20% 반영 및 수능 최저 없음"
